{"UAS": 0.9335286164939162, "LAS": 0.9069400630914827}