{"chi2_head": 4.25531914893617, "chi2_deprel": 17.6056338028169, "p_head": 0.03912759535568779, "p_deprel": 2.7178200794950816e-05, "0002_uas": 0.9380351509689049, "0002_las": 0.9182063992789545, "0004_uas": 0.9335286164939162, "0004_las": 0.9069400630914827}