{"UAS": 0.9384858044164038, "LAS": 0.921586300135196}