{"chi2_head": 0.047619047619047616, "chi2_deprel": 1.991150442477876, "p_head": 0.8272593465627113, "p_deprel": 0.1582206424518188, "0002_uas": 0.9380351509689049, "0002_las": 0.9182063992789545, "0004_uas": 0.9384858044164038, "0004_las": 0.921586300135196}