{"UAS": 0.9380351509689049, "LAS": 0.9146011716989635}