{"chi2_head": 0.0, "chi2_deprel": 2.6122448979591835, "p_head": 1.0, "p_deprel": 0.10604155370017065, "0002_uas": 0.9380351509689049, "0002_las": 0.9182063992789545, "0004_uas": 0.9380351509689049, "0004_las": 0.9146011716989635}