{"UAS": 0.9362325371789094, "LAS": 0.9132492113564669}