{"chi2_head": 0.8421052631578947, "chi2_deprel": 4.745098039215686, "p_head": 0.3587953578869416, "p_deprel": 0.029381879370073492, "0002_uas": 0.9380351509689049, "0002_las": 0.9182063992789545, "0004_uas": 0.9362325371789094, "0004_las": 0.9132492113564669}