{"UAS": 0.9317260027039207, "LAS": 0.9109959441189726}