{"chi2_head": 9.333333333333334, "chi2_deprel": 10.448979591836734, "p_head": 0.0022502265680857947, "p_deprel": 0.0012271722863991083, "0002_uas": 0.9380351509689049, "0002_las": 0.9182063992789545, "0004_uas": 0.9317260027039207, "0004_las": 0.9109959441189726}