{"UAS": 0.9211356466876972, "LAS": 0.8826047769265435}