{"chi2_head": 27.98507462686567, "chi2_deprel": 86.08275862068966, "p_head": 1.222547695379878e-07, "p_deprel": 1.7256078890244822e-20, "0002_uas": 0.9380351509689049, "0002_las": 0.9182063992789545, "0004_uas": 0.9211356466876972, "0004_las": 0.8826047769265435}