{"UAS": 0.9337099811676083, "LAS": 0.9126177024482109}