{"chi2_head": 5.8, "chi2_deprel": 8.497206703910615, "p_head": 0.016026174547985116, "p_deprel": 0.00355692119305725, "0002_uas": 0.9391713747645951, "0002_las": 0.9199623352165726, "0004_uas": 0.9337099811676083, "0004_las": 0.9126177024482109}