{"UAS": 0.9414312617702448, "LAS": 0.9229755178907721}