{"chi2_head": 1.469387755102041, "chi2_deprel": 2.327272727272727, "p_head": 0.22544231699450956, "p_deprel": 0.12712442894245313, "0002_uas": 0.9391713747645951, "0002_las": 0.9199623352165726, "0004_uas": 0.9414312617702448, "0004_las": 0.9229755178907721}