{"UAS": 0.9354048964218455, "LAS": 0.9180790960451978}