{"chi2_head": 3.9215686274509802, "chi2_deprel": 0.847457627118644, "p_head": 0.0476703806561615, "p_deprel": 0.3572725590318748, "0002_uas": 0.9391713747645951, "0002_las": 0.9199623352165726, "0004_uas": 0.9354048964218455, "0004_las": 0.9180790960451978}