{"UAS": 0.9419962335216573, "LAS": 0.923728813559322}