{"chi2_head": 2.4725274725274726, "chi2_deprel": 3.7735849056603774, "p_head": 0.11585149752593013, "p_deprel": 0.05206792601582605, "0002_uas": 0.9391713747645951, "0002_las": 0.9199623352165726, "0004_uas": 0.9419962335216573, "0004_las": 0.923728813559322}