{"UAS": 0.940677966101695, "LAS": 0.9222222222222223}