{"chi2_head": 0.5925925925925926, "chi2_deprel": 1.2857142857142858, "p_head": 0.4414183267820536, "p_deprel": 0.2568392579578533, "0002_uas": 0.9391713747645951, "0002_las": 0.9199623352165726, "0004_uas": 0.940677966101695, "0004_las": 0.9222222222222223}