{"UAS": 0.9357815442561205, "LAS": 0.9133709981167608}