{"chi2_head": 2.16, "chi2_deprel": 6.550802139037433, "p_head": 0.14164469029513255, "p_deprel": 0.010483688475682089, "0002_uas": 0.9391713747645951, "0002_las": 0.9199623352165726, "0004_uas": 0.9357815442561205, "0004_las": 0.9133709981167608}