{"UAS": 0.8863824846574888, "LAS": 0.8671421462929175}