{"chi2_head": 84.81308411214954, "chi2_deprel": 96.33333333333333, "p_head": 3.279469849119792e-20, "p_deprel": 9.7081703091263e-23, "0002_uas": 0.9137502073312324, "0002_las": 0.8981588986564936, "0004_uas": 0.8863824846574888, "0004_las": 0.8671421462929175}