{"UAS": 0.9130867473876265, "LAS": 0.8968319787692818}