{"chi2_head": 0.12903225806451613, "chi2_deprel": 0.4507042253521127, "p_head": 0.7194375444233914, "p_deprel": 0.5020007185754667, "0002_uas": 0.9137502073312324, "0002_las": 0.8981588986564936, "0004_uas": 0.9130867473876265, "0004_las": 0.8968319787692818}