{"UAS": 0.9178968319787693, "LAS": 0.9018079283463261}