{"chi2_head": 5.0, "chi2_deprel": 3.5588235294117645, "p_head": 0.025347318677468325, "p_deprel": 0.0592297037272794, "0002_uas": 0.9137502073312324, "0002_las": 0.8981588986564936, "0004_uas": 0.9178968319787693, "0004_las": 0.9018079283463261}