{"UAS": 0.9183944269364737, "LAS": 0.9011444684027202}