{"chi2_head": 6.32258064516129, "chi2_deprel": 2.3142857142857145, "p_head": 0.011921001496914012, "p_deprel": 0.12819017434510696, "0002_uas": 0.9137502073312324, "0002_las": 0.8981588986564936, "0004_uas": 0.9183944269364737, "0004_las": 0.9011444684027202}