{"UAS": 0.9218775916404047, "LAS": 0.9051252280643556}