{"chi2_head": 19.208, "chi2_deprel": 11.76, "p_head": 1.1722111469515691e-05, "p_deprel": 0.0006051722625380396, "0002_uas": 0.9137502073312324, "0002_las": 0.8981588986564936, "0004_uas": 0.9218775916404047, "0004_las": 0.9051252280643556}