{"UAS": 0.9082766627964837, "LAS": 0.8867142146292918}