{"chi2_head": 4.373493975903615, "chi2_deprel": 16.474048442906575, "p_head": 0.03650207329992529, "p_deprel": 4.932056676691051e-05, "0002_uas": 0.9137502073312324, "0002_las": 0.8981588986564936, "0004_uas": 0.9082766627964837, "0004_las": 0.8867142146292918}