{"UAS": 0.9268339398582647, "LAS": 0.904807508140203}