{"UAS": 0.9175651020069663, "LAS": 0.9001492784873113}