{"UAS": 0.93600721045516, "LAS": 0.9175304191077062}