{"chi2_head": 81.77791116446579, "chi2_deprel": 128.64856860809476, "p_head": 1.5227091056342653e-19, "p_deprel": 8.095492088402188e-30, "0002_uas": 0.9282913618173734, "0002_las": 0.9093738631310886, "0004_uas": 0.917741218319253, "0004_las": 0.8947815190589757}