{"chi2_head": 1.949290060851927, "chi2_deprel": 3.6109215017064846, "p_head": 0.1626633739724785, "p_deprel": 0.05740130526316159, "0002_uas": 0.9282913618173734, "0002_las": 0.9093738631310886, "0004_uas": 0.929544443995311, "0004_las": 0.9112332753951251}