{"chi2_head": 0.007782101167315175, "chi2_deprel": 0.0016863406408094434, "p_head": 0.9297048272490188, "p_deprel": 0.9672440147319222, "0002_uas": 0.9282913618173734, "0002_las": 0.9093738631310886, "0004_uas": 0.9283722058288533, "0004_las": 0.9093334411253486}