{"chi2_head": 1.5742971887550201, "chi2_deprel": 0.08263069139966273, "p_head": 0.2095840535658907, "p_deprel": 0.7737635346886467, "0002_uas": 0.9282913618173734, "0002_las": 0.9093738631310886, "0004_uas": 0.9294231779780913, "0004_las": 0.9090909090909091}