{"chi2_head": 1.2677484787018256, "chi2_deprel": 0.2508710801393728, "p_head": 0.2601894890682613, "p_deprel": 0.616462389972044, "0002_uas": 0.9282913618173734, "0002_las": 0.9093738631310886, "0004_uas": 0.9293019119608715, "0004_las": 0.9098589271999676}