{"chi2_head": 74.77521613832853, "chi2_deprel": 174.55737704918033, "p_head": 5.2747734450134e-18, "p_deprel": 7.479366814173201e-40, "0002_uas": 0.9282913618173734, "0002_las": 0.9093738631310886, "0004_uas": 0.9170136222159344, "0004_las": 0.889809612352965}