{"UAS": 0.9218540509480943, "LAS": 0.8954223328864203}