{"chi2_head": 5.0256410256410255, "chi2_deprel": 15.1875, "p_head": 0.024974679293054206, "p_deprel": 9.73456756471325e-05, "0002_uas": 0.9272170082359701, "0002_las": 0.9057651790844666, "0004_uas": 0.9218540509480943, "0004_las": 0.8954223328864203}