{"UAS": 0.9297069526910553, "LAS": 0.9072974525952883}