{"chi2_head": 1.6095238095238096, "chi2_deprel": 0.5079365079365079, "p_head": 0.20455875272054896, "p_deprel": 0.4760334929424296, "0002_uas": 0.9272170082359701, "0002_las": 0.9057651790844666, "0004_uas": 0.9297069526910553, "0004_las": 0.9072974525952883}