{"UAS": 0.925301666347443, "LAS": 0.9042329055736449}