{"chi2_head": 0.8064516129032258, "chi2_deprel": 0.4507042253521127, "p_head": 0.3691714163326918, "p_deprel": 0.5020007185754667, "0002_uas": 0.9272170082359701, "0002_las": 0.9057651790844666, "0004_uas": 0.925301666347443, "0004_las": 0.9042329055736449}