{"UAS": 0.9276000766136755, "LAS": 0.9053821107067611}