{"chi2_head": 0.03636363636363636, "chi2_deprel": 0.03076923076923077, "p_head": 0.8487665010168555, "p_deprel": 0.8607562233837367, "0002_uas": 0.9272170082359701, "0002_las": 0.9057651790844666, "0004_uas": 0.9276000766136755, "0004_las": 0.9053821107067611}