{"UAS": 0.9274085424248228, "LAS": 0.9057651790844666}