{"chi2_head": 0.010309278350515464, "chi2_deprel": 0.0, "p_head": 0.9191260795347785, "p_deprel": 1.0, "0002_uas": 0.9272170082359701, "0002_las": 0.9057651790844666, "0004_uas": 0.9274085424248228, "0004_las": 0.9057651790844666}