{"UAS": 0.9094043286726681, "LAS": 0.8833556789886995}