{"chi2_head": 33.917647058823526, "chi2_deprel": 42.912225705329156, "p_head": 5.749483412870849e-09, "p_deprel": 5.7251751623534664e-11, "0002_uas": 0.9272170082359701, "0002_las": 0.9057651790844666, "0004_uas": 0.9094043286726681, "0004_las": 0.8833556789886995}