{"UAS": 0.9272170082359701, "LAS": 0.9057651790844666}