{"UAS": 0.9137502073312324, "LAS": 0.8981588986564936}