{"UAS": 0.9262229350441058, "LAS": 0.9069767441860465}