{"UAS": 0.9391713747645951, "LAS": 0.9199623352165726}