{"UAS": 0.9380351509689049, "LAS": 0.9182063992789545}