{"UAS": 0.921144079123229, "LAS": 0.8986901897888265}