{"chi2_head": 3.0854700854700856, "chi2_deprel": 7.014598540145985, "p_head": 0.07899443583372259, "p_deprel": 0.008084775896930985, "0002_uas": 0.9262229350441058, "0002_las": 0.9069767441860465, "0004_uas": 0.921144079123229, "0004_las": 0.8986901897888265}