{"UAS": 0.9283614006950013, "LAS": 0.9109863672814755}