{"chi2_head": 0.7804878048780488, "chi2_deprel": 2.3684210526315788, "p_head": 0.37699199323712684, "p_deprel": 0.12381222382133264, "0002_uas": 0.9262229350441058, "0002_las": 0.9069767441860465, "0004_uas": 0.9283614006950013, "0004_las": 0.9109863672814755}