{"UAS": 0.9280940924886394, "LAS": 0.9099171344560278}