{"chi2_head": 0.550561797752809, "chi2_deprel": 1.2222222222222223, "p_head": 0.45808823471580995, "p_deprel": 0.2689249805116165, "0002_uas": 0.9262229350441058, "0002_las": 0.9069767441860465, "0004_uas": 0.9280940924886394, "0004_las": 0.9099171344560278}