{"UAS": 0.9238171611868484, "LAS": 0.9013632718524459}