{"chi2_head": 0.8350515463917526, "chi2_deprel": 3.8347826086956522, "p_head": 0.3608158770840829, "p_deprel": 0.050199500456594395, "0002_uas": 0.9262229350441058, "0002_las": 0.9069767441860465, "0004_uas": 0.9238171611868484, "0004_las": 0.9013632718524459}