{"UAS": 0.9248863940122962, "LAS": 0.9043036621224272}