{"chi2_head": 0.31645569620253167, "chi2_deprel": 1.1363636363636365, "p_head": 0.573745467795866, "p_deprel": 0.2864220227778557, "0002_uas": 0.9262229350441058, "0002_las": 0.9069767441860465, "0004_uas": 0.9248863940122962, "0004_las": 0.9043036621224272}