{"UAS": 0.9101844426623897, "LAS": 0.8789093825180433}