{"chi2_head": 19.35483870967742, "chi2_deprel": 42.8988326848249, "p_head": 1.0854385584674385e-05, "p_deprel": 5.764504400384628e-11, "0002_uas": 0.9262229350441058, "0002_las": 0.9069767441860465, "0004_uas": 0.9101844426623897, "0004_las": 0.8789093825180433}